scorer,Brett,Brett,Brett,Brett,Brett,Brett,Brett,Brett,Brett,Brett,Brett,Brett,Brett,Brett,Brett,Brett,Brett,Brett,Brett,Brett,Brett,Brett,Brett,Brett,Brett,Brett,Brett,Brett
individuals,adult,adult,adult,adult,adult,adult,adult,adult,adult,adult,adult,adult,adult,adult,juvenile,juvenile,juvenile,juvenile,juvenile,juvenile,juvenile,juvenile,juvenile,juvenile,juvenile,juvenile,juvenile,juvenile
bodyparts,nose,nose,leftear,leftear,rightear,rightear,neck,neck,lefthip,lefthip,righthip,righthip,tail,tail,nose,nose,leftear,leftear,rightear,rightear,neck,neck,lefthip,lefthip,righthip,righthip,tail,tail
coords,x,y,x,y,x,y,x,y,x,y,x,y,x,y,x,y,x,y,x,y,x,y,x,y,x,y,x,y
labeled-data/e3v813a-20210714T091732-092358/img00209.png,,,,,,,,,,,,,,,,,,,,,,,,,,,,
labeled-data/e3v813a-20210714T091732-092358/img00307.png,,,,,,,,,,,,,,,,,,,,,,,,,,,,
labeled-data/e3v813a-20210714T091732-092358/img00347.png,629.563209659306,703.6320386259157,574.0715230783007,708.7940559822882,596.0100968428842,743.6376731378031,565.0379927046488,734.6041427641511,456.6356282208248,824.9394465006711,531.4848798882272,852.0400376216271,473.4121846290356,867.5260896907448,1077.3682153246268,681.6934648613322,1063.1726675946022,729.4421254077785,1100.5972934283034,726.8611167295923,1082.5302326809995,748.7996904941756,1052.8486328818572,804.2913770751809,1105.759310784676,803.0008727360878,1083.8207370200926,853.3305419607203
labeled-data/e3v813a-20210714T091732-092358/img00569.png,408.5942143752324,759.450971615871,420.162709506824,789.198530525678,443.2996997700073,756.1456872925592,458.17347922491075,782.5879618790543,435.03648896172757,855.304216991916,520.9738813678368,861.9147856385398,476.3525430031262,914.7993348115301,724.2488672515183,258.700396634119,753.9964261613254,260.35303879577486,757.3017104846372,232.25812204762383,843.2391028907466,270.2688917657106,836.6285342441226,225.64755340099987,884.5551569321453,240.52133285590344,,
labeled-data/e3v813a-20210714T091732-092358/img00741.png,673.0169602401838,936.2836829130574,659.7958229469364,898.2729131949706,636.6588326837532,932.9783985897454,630.0482640371292,901.5781975182824,537.5003029843963,823.9040159204529,530.8897343377726,916.451976973186,481.31046948809404,861.9147856385398,473.0472586798143,519.8178581757586,473.0472586798143,491.72294142760757,443.2996997700073,503.29143655919916,451.562910578287,473.54387764939213,456.5208370632549,417.35404415308983,397.0257192436407,427.26989712302554,420.162709506824,379.3432744350031
labeled-data/e3v813a-20210714T091732-092358/img00805.png,787.0492693944443,1042.052781259038,758.9543526462933,1027.1790018041345,744.0805731913897,1070.147698007189,730.859435898142,1042.052781259038,659.7958229469364,989.1682320860477,636.6588326837532,1058.5792028755975,608.5639159356019,1000.7367272176393,532.5423764994284,544.6074906005979,509.4053862362452,509.9020052058229,491.22632245802976,537.996921953974,466.4366900331906,457.01745603283257,416.85742518351213,493.37558358926344,430.0785624767597,428.92253928468153,,
labeled-data/e3v813a-20210714T091732-092358/img00892.png,1261.3575697897013,1065.1897715222212,1243.178506011486,1023.8737174808226,1213.4309471016788,1055.2739185522855,1213.4309471016788,1023.8737174808226,1137.4094076655053,989.1682320860477,1140.714691988817,1065.1897715222212,1091.1354271391388,1027.1790018041345,428.4259203151037,780.9353197173983,441.6470576083513,746.2298343226234,410.2468565368883,751.1877608075913,426.77327815344785,721.4402018977842,443.2996997700073,640.4607359766428,387.109866273705,647.0713046232665,408.5942143752324,600.7973240969001
labeled-data/e3v813a-20210714T091732-092358/img01062.png,820.1021126275632,1094.9373304320284,868.0287353155859,1065.1897715222212,828.365323435843,1047.010707744006,859.765524507306,1037.0948547740702,937.4397061051357,1030.4842861274465,894.4710099020808,962.7259574995526,952.313485560039,974.2944526311442,474.6999008414703,501.63879439754317,444.95234193166317,519.8178581757586,474.6999008414703,537.996921953974,451.562910578287,547.9127749239098,392.06779275867285,597.4920397735882,451.562910578287,620.6290300367714,397.0257192436407,647.0713046232665
labeled-data/e3v813a-20210714T091732-092358/img01287.png,593.6901364806986,1048.6633499056618,623.4376953905055,1018.9157909958548,578.816357025795,1008.999938025919,606.911273773946,995.7788007326715,666.4063915935601,982.5576634394239,636.6588326837532,898.2729131949706,712.6803721199267,928.0204721047776,1239.873221688174,861.9147856385398,1253.0943589814215,820.5987315971411,1215.0835892633347,823.9040159204529,1228.3047265565824,800.7670256572696,1236.567937364862,728.050770544408,1183.6833881918717,741.2719078376556,1206.820378455055,694.997927311289
labeled-data/e3v813a-20210714T091732-092358/img01333.png,787.0492693944443,1030.4842861274465,752.3437839996695,1020.5684331575108,750.6911418380134,1058.5792028755975,732.5120780597981,1042.052781259038,659.7958229469364,972.6418104694883,636.6588326837532,1048.6633499056618,616.8271267438818,974.2944526311442,1145.672618473785,1035.442212612414,1191.9465990001515,1037.0948547740702,1168.8096087369684,1008.999938025919,1191.9465990001515,1007.3472958642631,1244.1549631608323,984.3167096184566,1196.6361808123552,947.8639450771589,1236.3436564734116,933.5432161502205
labeled-data/e3v813a-20210714T091732-092358/img01558.png,1124.1882703722576,473.54387764939213,1117.577701725634,501.63879439754317,1160.5463979286885,491.72294142760757,1129.1461968572255,605.7552505818679,1196.9045254851194,609.0605349051798,1170.4622508986242,655.3345154315463,1029.9876671578686,242.17397501755954,1056.4299417443638,275.22681825067843,1082.872216330859,232.25812204762383,1082.872216330859,263.65832311908684,1094.4407114624505,298.3638085138616,1114.272417402322,243.82661717921542,1137.4094076655053,295.05852419054986,,
labeled-data/e3v813a-20210714T091732-092358/img02126.png,1074.6090055225793,1007.3472958642631,1036.5982358044923,1000.7367272176393,1043.2088044511163,1037.0948547740702,1021.724456349589,1020.5684331575108,935.7870639434796,982.5576634394239,947.3555590750711,1076.7582666538128,892.818367740425,1047.010707744006,1107.6304257307415,264.88871376185534,1142.3966676648188,275.0868113958513,1146.568616696908,239.39346967686538,1152.5947652988148,260.2532148373117,1164.6470625026282,303.82690472802176,1177.6264594913503,242.63831892404593,1195.7049052970706,289.45685806193654
labeled-data/e3v813a-20210714T091732-092358/img02191.png,1218.2658933027767,859.0269464666089,1208.3242302460592,887.4316980572305,1243.830169734336,893.1126483753548,1216.8456557232455,921.5173999659763,1171.3980531782513,939.9804884998803,1226.787318779963,974.0661904086263,1175.6587659168445,993.9495165220613,1103.2266493607594,273.88906369980464,1141.5730640080985,278.149776438398,1138.7325888490363,239.8033617910587,1155.7754398034094,258.26645032496276,1168.5575780191891,293.77238981323967,1177.0790034963754,244.0640745296521,1196.9623296098107,285.25096433605336
labeled-data/e3v813a-20210714T091732-092358/img02628.png,681.2801710484637,281.83738689730217,638.3114748454091,276.8794604123343,669.7116759168721,309.9323036454532,641.616759168721,306.62701932214145,535.8476608227404,344.6377890402282,573.8584305408272,397.5223382132185,511.05802839790107,387.6064852432828,377.1940133037694,1106.50582556362,421.81535166848,1089.9794039470605,383.8045819503931,1076.7582666538128,408.5942143752324,1065.1897715222212,426.77327815344785,1005.6946537026072,368.9308024954897,1000.7367272176393,398.6783614052967,954.4627466912727
labeled-data/e3v813a-20210714T091732-092358/img03150.png,1196.9045254851194,539.64956411563,1224.9994422332704,503.29143655919916,1182.0307460302158,513.2072895291349,1201.8624519700872,483.45973061932773,1183.6833881918717,380.9959165966591,1132.4514811805375,427.26989712302554,1127.4935546955696,362.81685281844364,364.59709489395965,249.04897187250046,415.46162923267843,266.56523535338374,409.0614560377403,228.83789862532743,413.7773731287474,246.69101332699694,434.3252975967066,285.0920524966257,443.08342933714823,231.86955961240338,470.70522944161803,257.8071036129421
labeled-data/e3v813a-20210714T091732-092358/img03584.png,496.1842489429976,1025.5263596424786,522.6265235294927,1050.315992067318,520.9738813678368,1000.7367272176393,544.11087163102,1023.8737174808226,658.1431807852805,1027.1790018041345,636.6588326837532,951.1574623679609,692.8486661800553,985.8629477627358,1195.2518833234635,253.74247014915113,1167.1569665753123,247.1319015025274,1175.420177383592,276.8794604123343,1099.3986379474184,232.25812204762383,1106.0092065940423,293.40588202889376,1054.7772995827079,263.65832311908684,,
labeled-data/e3v813a-20210714T091732-092358/img04220.png,1008.5033190563413,286.79531338227,1053.124657421052,298.3638085138616,1059.7352260676757,243.82661717921542,1069.6510790376115,278.5321025739902,1086.177500654171,311.5849458071093,1092.7880693007946,253.74247014915113,1110.9671330790102,298.3638085138616,411.8994986985443,820.5987315971411,433.3838468000716,787.5458883640221,397.0257192436407,785.8932462023662,418.510067345168,759.450971615871,451.562910578287,709.8717067661926,385.4572241120491,713.1769910895044,423.46799383013587,653.6818732698904
labeled-data/e3v813a-20210714T091732-092358/img04259.png,1013.4612455413092,270.2688917657106,1058.0825839060199,288.4479555439259,1054.7772995827079,240.52133285590344,1071.3037211992673,263.65832311908684,1077.914289845891,301.6690928371736,1091.1354271391388,252.08982798749503,1104.3565644323862,293.40588202889376,406.9415722135764,1093.2846882703725,426.77327815344785,1066.842413683877,387.109866273705,1066.842413683877,406.9415722135764,1027.1790018041345,428.4259203151037,974.2944526311442,375.5413711421134,977.599736954456,397.0257192436407,939.5889672363693
labeled-data/e3v813a-20210714T091732-092358/img04374.png,,,,,,,,,,,,,,,,,,,,,,,,,,,,
labeled-data/e3v813a-20210714T091732-092358/img04836.png,955.618769883351,789.198530525678,998.5874660864056,759.450971615871,962.2293385299747,741.2719078376556,990.324255278126,729.703412706064,1043.2088044511163,675.1662213714177,972.1451914999104,655.3345154315463,1033.2929514811806,620.6290300367714,380.49929762708126,711.5243489278486,423.46799383013587,723.0928440594402,421.81535166848,675.1662213714177,435.03648896172757,694.997927311289,466.4366900331906,713.1769910895044,463.1314057098786,666.903010563138,499.4895332663095,681.7767900180414
labeled-data/e3v813a-20210714T091732-092358/img04890.png,717.6382986048945,741.2719078376556,722.5962250898624,777.6300353940865,758.9543526462933,741.2719078376556,752.3437839996695,771.0194667474626,836.6285342441226,833.8198688903886,843.2391028907466,756.1456872925592,891.1657255787691,800.7670256572696,557.3320089242677,516.5125738524467,520.9738813678368,536.344279792318,550.721440277644,561.1339122171573,522.6265235294927,561.1339122171573,469.74197435650245,605.7552505818679,524.2791656911486,614.0184613901476,487.9210381347179,653.6818732698904
labeled-data/e3v813a-20210714T091732-092358/img05062.png,1229.9573687182383,306.62701932214145,1198.5571676467753,275.22681825067843,1195.2518833234635,323.1534409387009,1182.0307460302158,300.0164506755177,1106.0092065940423,266.9636074423986,1115.9250595639778,336.37457823194836,1066.3457947142995,304.97437716048535,1053.124657421052,967.6838839845204,1013.4612455413092,966.0312418228644,1036.5982358044923,1005.6946537026072,1011.8086033796533,990.8208742477036,937.4397061051357,995.7788007326715,982.0610444698461,1035.442212612414,919.2606423269201,1037.0948547740702
labeled-data/e3v813a-20210714T091732-092358/img05115.png,1185.3360303535278,427.26989712302554,1213.4309471016788,387.6064852432828,1173.767535221936,390.91176956659467,1183.6833881918717,362.81685281844364,1160.5463979286885,295.05852419054986,1124.1882703722576,336.37457823194836,1110.9671330790102,293.40588202889376,1195.2518833234635,928.0204721047776,1163.8516822520005,908.1887661649063,1172.11489306028,951.1574623679609,1157.2411136053765,928.0204721047776,1091.1354271391388,916.451976973186,1120.8829860489457,972.6418104694883,1064.6931525526436,962.7259574995526
labeled-data/e3v813a-20210714T091732-092358/img06022.png,1067.9984368759553,777.6300353940865,1054.7772995827079,815.6408051121732,1102.7039222707303,810.6828786272054,1081.219574169203,832.1672267287327,1056.4299417443638,903.2308396799384,1129.1461968572255,913.1466926498741,1102.7039222707303,967.6838839845204,1114.272417402322,1037.0948547740702,1162.1990400903444,1042.052781259038,1145.672618473785,1013.9578645108869,1163.8516822520005,1018.9157909958548,1208.473020616711,1017.2631488341988,1175.420177383592,961.0733153378966,1218.3888735866467,966.0312418228644
labeled-data/e3v813a-20210714T091732-092358/img06256.png,709.3750877966147,1088.3267617854044,752.3437839996695,1071.8003401688452,712.6803721199267,1047.010707744006,739.1226467064218,1042.052781259038,816.7968283042514,985.8629477627358,757.3017104846372,944.5468937213371,828.365323435843,926.3678299431217,1160.5463979286885,351.24835768685193,1148.977902797097,397.5223382132185,1191.9465990001515,380.9959165966591,1175.420177383592,409.0908333448101,1157.2411136053765,445.448960901241,1206.820378455055,428.92253928468153,1196.9045254851194,483.45973061932773
labeled-data/e3v813a-20210714T091732-092358/img06623.png,478.0051851647822,984.2103056010799,473.0472586798143,1018.9157909958548,502.79481758962135,982.5576634394239,512.710670559557,1013.9578645108869,517.6685970445251,1061.8844871989093,550.721440277644,994.1261585710156,605.2586316122902,1053.6212763906296,1074.6090055225793,539.64956411563,1122.5356282106018,542.9548484389419,1099.3986379474184,509.9020052058229,1124.1882703722576,514.8599316907907,1168.8096087369684,519.8178581757586,1120.8829860489457,480.15444629601586,1157.2411136053765,466.9333090027683
labeled-data/e3v813a-20210714T091732-092358/img06647.png,481.31046948809404,866.8727121235077,461.47876354822273,932.9783985897454,512.710670559557,909.8414083265623,491.22632245802976,944.5468937213371,496.1842489429976,1032.1369282891023,567.2478618942034,984.2103056010799,558.9846510859236,1053.6212763906296,1010.1559612179972,609.0605349051798,1053.124657421052,602.449966258556,1018.419172026277,574.3550495104049,1044.8614466127722,574.3550495104049,1094.4407114624505,574.3550495104049,1063.0405103909875,528.0810689840383,1091.1354271391388,521.4705003374146
labeled-data/e3v813a-20210714T091732-092358/img06932.png,659.7958229469364,242.17397501755954,611.8692002589139,275.22681825067843,659.7958229469364,295.05852419054986,625.0903375521614,298.3638085138616,547.416155954332,362.81685281844364,618.4797689055376,392.56441172825066,557.3320089242677,427.26989712302554,1276.2313492446049,205.81584746112867,1226.6520843949263,217.38434259272026,1249.7890746581097,243.82661717921542,1221.6941579099587,240.52133285590344,1167.1569665753123,258.700396634119,1205.167736293399,283.49002905895804,1178.7254617069038,304.97437716048535
labeled-data/e3v813a-20210714T091732-092358/img07142.png,387.109866273705,678.4715056947296,398.6783614052967,728.050770544408,438.34177328503944,690.0400008263211,428.4259203151037,718.1349175744723,481.31046948809404,782.5879618790543,527.5844500144606,713.1769910895044,554.0267246009557,769.3668245858066,481.31046948809404,323.1534409387009,479.65782732643817,288.4479555439259,451.562910578287,321.500798777045,446.60498409331916,288.4479555439259,458.17347922491075,253.74247014915113,410.2468565368883,295.05852419054986,420.162709506824,242.17397501755954
labeled-data/e3v813a-20210714T091732-092358/img07567.png,1059.7352260676757,690.0400008263211,1104.3565644323862,686.7347165030093,1076.2616476842352,640.4607359766428,1106.0092065940423,647.0713046232665,1160.5463979286885,632.1975251683631,1110.9671330790102,594.1867554502762,1162.1990400903444,577.6603338337168,395.37307708198483,1013.9578645108869,420.162709506824,984.2103056010799,382.15193978873725,982.5576634394239,405.28893005192043,961.0733153378966,435.03648896172757,898.2729131949706,380.49929762708126,885.051775901723,411.8994986985443,843.7357218603244
labeled-data/e3v813a-20210714T091732-092358/img07666.png,1021.724456349589,741.2719078376556,1053.124657421052,709.8717067661926,1005.1980347330293,701.6084959579129,1041.5561622894602,681.7767900180414,1092.7880693007946,655.3345154315463,1044.861446612772,599.1446819352441,1106.0092065940423,614.0184613901478,806.8809753343157,1085.0214774620924,783.7439850711326,1065.1897715222212,775.480774262853,1101.5478990786523,757.9477592618009,1078.6180267958173,689.5433818567435,1055.2739185522855,697.8065926650231,1101.547899078652,636.6588326837532,1070.147698007189
labeled-data/e3v813a-20210714T091732-092358/img07985.png,1134.1041233421934,851.9989326686041,1137.4094076655053,898.2729131949706,1183.6833881918717,878.4412072550992,1170.4622508986242,904.8834818415944,1152.2831871204087,944.5468937213371,1220.0415157483026,939.5889672363693,1191.9465990001515,1000.7367272176393,1137.4094076655053,461.9753825178004,1102.7039222707303,503.29143655919916,1144.019976312129,524.7757846607265,1117.577701725634,528.0810689840383,1087.8301428158268,561.1339122171573,1145.672618473785,566.0918387021252,1117.577701725634,620.6290300367714
labeled-data/e3v813a-20210714T091732-092358/img08227.png,453.215552739943,318.19551445373304,435.03648896172757,362.81685281844364,487.9210381347179,352.9009998485079,464.7840478715346,371.08006362672336,431.7312046384156,457.01745603283257,512.710670559557,432.2278236079934,486.2683959730619,509.9020052058229,1122.5356282106018,666.903010563138,1152.2831871204087,625.5869565217392,1117.577701725634,620.6290300367714,1144.019976312129,602.449966258556,1183.6833881918717,594.1867554502762,1127.4935546955696,574.3550495104049,1168.8096087369684,551.2180592472216
labeled-data/e3v813a-20210714T091732-092358/img08273.png,382.15193978873725,194.24735232953708,397.0257192436407,252.08982798749503,435.03648896172757,214.07905826940828,428.4259203151037,243.82661717921542,423.46799383013587,306.62701932214145,486.2683959730619,252.08982798749503,486.2683959730619,324.8060831003568,851.5023136990262,1047.010707744006,874.6393039622096,1018.9157909958548,834.9758920824668,1013.9578645108869,858.1128823456502,989.1682320860477,892.818367740425,951.1574623679609,839.9338185674346,928.0204721047776,881.2498726088334,893.3149867100028
labeled-data/e3v813a-20210714T091732-092358/img08463.png,661.4484651085922,405.78554902149824,628.3956218754734,371.08006362672336,605.2586316122902,405.78554902149824,590.3848521573866,374.3853479500352,547.416155954332,318.19551445373304,520.9738813678368,392.56441172825066,487.9210381347179,336.37457823194836,395.37307708198483,214.07905826940828,416.85742518351213,247.1319015025274,435.03648896172757,205.81584746112867,443.2996997700073,228.95283772431185,478.0051851647822,270.2688917657106,499.4895332663095,223.994911239344,534.1950186610843,266.9636074423986
labeled-data/e3v813a-20210714T091732-092358/img08549.png,636.6588326837532,648.7239467849225,628.3956218754734,594.1867554502762,582.1216413491068,620.6290300367714,596.9954208040103,577.6603338337168,628.3956218754734,519.8178581757586,539.1529451460522,537.996921953974,573.8584305408272,483.45973061932773,618.4797689055376,275.22681825067843,582.1216413491068,242.17397501755954,577.1637148641391,286.79531338227,557.3320089242677,255.395112310807,511.05802839790107,240.52133285590344,512.710670559557,286.79531338227,478.0051851647822,298.3638085138616
labeled-data/e3v813a-20210714T091732-092358/img08838.png,932.4817796201678,298.3638085138616,906.0395050336726,276.8794604123343,919.2606423269201,316.54287229207716,896.1236520637369,304.97437716048535,825.0600391125311,260.35303879577486,836.6285342441226,328.11136742366875,775.4807742628527,298.3638085138616,1137.4094076655053,1032.1369282891023,1125.8409125339135,1013.9578645108869,1112.619775240666,1042.052781259038,1102.7039222707303,1018.9157909958548,1059.7352260676757,994.1261585710156,1044.8614466127722,1043.705423420694,1001.8927504097176,1008.999938025919
labeled-data/e3v813a-20210714T091732-092358/img09101.png,932.4817796201678,339.67986255526034,975.4504758232224,334.7219360702925,950.6608433983831,301.6690928371736,983.713686631502,309.9323036454532,1044.8614466127722,316.54287229207716,1010.1559612179972,260.35303879577486,1074.6090055225793,270.2688917657106,1248.1364324964538,595.8393976119322,1216.7362314249908,595.8393976119322,1249.7890746581097,623.9343143600834,1221.6941579099587,623.9343143600834,1182.0307460302158,665.250368401482,1233.2626530415503,671.8609370481058,1205.167736293399,709.8717067661926
labeled-data/e3v813a-20210714T091732-092358/img09265.png,747.3858575147017,255.395112310807,720.9435829282065,223.994911239344,712.6803721199267,275.22681825067843,692.8486661800553,243.82661717921542,606.911273773946,222.34226907768812,620.1324110671935,283.49002905895804,568.9005040558593,288.4479555439259,1228.3047265565824,404.13290685984225,1198.5571676467753,409.0908333448101,1231.6100108798942,420.6593284764018,1216.7362314249908,432.2278236079934,1180.37810386856,468.5859511644243,1238.2205795265181,473.54387764939213,1193.5992411618074,519.8178581757586
labeled-data/e3v813a-20210714T091732-092358/img09374.png,825.0600391125311,574.3550495104049,838.2811764057788,528.0810689840383,798.6177645260359,544.6074906005979,805.2283331726599,513.2072895291349,801.9230488493479,433.8804657696494,730.859435898142,473.54387764939213,735.8173623831099,402.4802646981864,1284.4945600528845,194.24735232953708,1233.2626530415503,205.81584746112867,1259.7049276280454,237.21604853259169,1236.567937364862,230.60547988596772,1181.992197238304,255.4462517435795,1211.657890193919,289.04986854286017,1179.891971188349,290.09998156783763
labeled-data/e3v813a-20210714T091732-092358/img09560.png,1106.0092065940423,223.994911239344,1082.872216330859,258.700396634119,1140.714691988817,263.65832311908684,1106.0092065940423,278.5321025739902,1071.3037211992673,324.8060831003568,1155.5884714437207,304.97437716048535,1114.272417402322,364.4694949800995,750.6911418380134,944.5468937213371,792.0071958794122,979.252379116112,801.9230488493479,939.5889672363693,813.4915439809395,966.0312418228644,849.8496715373703,995.7788007326715,856.4602401839941,944.5468937213371,902.7342207103607,967.6838839845204
labeled-data/e3v813a-20210714T091732-092358/img09690.png,952.313485560039,184.33149935960137,952.313485560039,252.08982798749503,1000.2401082480617,222.34226907768812,975.4504758232224,243.82661717921542,1006.8506768946854,316.54287229207716,1036.5982358044923,252.08982798749503,1066.3457947142995,306.62701932214145,444.95234193166317,278.5321025739902,421.81535166848,298.3638085138616,461.47876354822273,306.62701932214145,439.9944154466954,311.5849458071093,410.2468565368883,352.9009998485079,474.6999008414703,359.51156849513177,444.95234193166317,405.78554902149824
labeled-data/e3v813a-20210714T091732-092358/img10169.png,889.5130834171132,1027.1790018041345,859.765524507306,1012.3052223492309,858.1128823456502,1047.010707744006,836.6285342441226,1023.8737174808226,739.1226467064218,982.5576634394239,739.1226467064218,1065.1897715222212,697.8065926650231,1012.3052223492309,846.5443872140584,721.4402018977842,834.9758920824668,762.7562559391829,879.5972304471775,759.450971615871,859.765524507306,777.6300353940865,844.8917450524025,838.7777953753565,897.7762942253928,832.1672267287327,884.5551569321453,880.0938494167551
labeled-data/e3v813a-20210714T091732-092358/img10403.png,1089.4827849774827,364.4694949800995,1071.3037211992673,410.7434755064661,1125.8409125339135,385.9538430816269,1106.0092065940423,420.6593284764018,1089.4827849774827,480.15444629601586,1168.8096087369684,455.3648138711767,1140.714691988817,544.6074906005979,1044.8614466127722,195.89999449119296,1008.5033190563413,225.64755340099987,1034.9455936428365,247.1319015025274,1006.8506768946854,242.17397501755954,962.2293385299747,255.395112310807,1006.8506768946854,290.100597705582,960.5766963683188,309.9323036454532
labeled-data/e3v813a-20210714T091732-092358/img10737.png,382.15193978873725,694.997927311289,423.46799383013587,676.8188635330737,385.4572241120491,653.6818732698904,416.85742518351213,647.0713046232665,466.4366900331906,554.5233435705335,382.15193978873725,556.1759857321895,430.0785624767597,498.3335100742313,1114.272417402322,1081.7161931387807,1091.1354271391388,1043.705423420694,1069.6510790376115,1078.410908815469,1054.7772995827079,1055.2739185522855,1016.7665298646211,1032.1369282891023,1006.8506768946854,1066.842413683877,973.7978336615665,1055.2739185522855
labeled-data/e3v813a-20210714T091732-092358/img10792.png,408.5942143752324,1083.3688353004368,433.3838468000716,1060.2318450372534,383.8045819503931,1061.8844871989095,411.8994986985443,1037.0948547740702,451.562910578287,903.2308396799384,373.8887289804574,924.7151877814657,408.5942143752324,861.9147856385398,1249.7890746581097,951.1574623679609,1224.9994422332704,954.4627466912727,1248.1364324964538,984.2103056010799,1221.6941579099587,977.599736954456,1160.5463979286885,1000.7367272176393,1213.4309471016788,1018.9157909958548,1163.8516822520005,1037.0948547740702
labeled-data/e3v813a-20210714T091732-092358/img11396.png,605.2586316122902,1037.0948547740702,658.1431807852805,1053.6212763906296,636.6588326837532,1023.8737174808226,664.7537494319042,1025.5263596424786,750.6911418380134,1018.9157909958548,699.459234826679,954.4627466912727,758.9543526462933,956.1153888529287,382.15193978873725,1073.452982330501,426.77327815344785,1060.2318450372534,400.3310035669526,1032.1369282891023,426.77327815344785,1030.4842861274465,468.08933219484646,1018.9157909958548,443.2996997700073,977.599736954456,497.8368911046535,984.2103056010799
labeled-data/e3v813a-20210714T091732-092358/img11427.png,428.4259203151037,944.5468937213371,433.3838468000716,972.6418104694883,463.1314057098786,944.5468937213371,463.1314057098786,972.6418104694883,511.05802839790107,1043.705423420694,539.1529451460522,972.6418104694883,572.2057883791713,1023.8737174808226,365.6255181721777,1119.7269628568674,420.162709506824,1089.9794039470605,387.109866273705,1071.8003401688452,405.28893005192043,1061.8844871989095,430.0785624767597,1058.5792028755975,388.762508435361,1037.0948547740702,428.4259203151037,1018.9157909958548
labeled-data/e3v813a-20210714T091732-092358/img11504.png,785.3966272327884,716.4822754128163,747.3858575147017,718.1349175744723,775.4807742628527,752.8404029692472,747.3858575147017,744.5771921609675,653.1852543003126,789.198530525678,717.6382986048945,828.8619424054208,646.5746856536887,851.9989326686041,838.2811764057788,1053.6212763906296,803.5756910110038,1037.0948547740702,798.6177645260359,1078.410908815469,780.4387007478206,1061.8844871989095,719.2909407665504,1043.705423420694,729.2067937364861,1088.3267617854044,674.6696024018399,1065.1897715222212
labeled-data/e3v813a-20210714T091732-092358/img11541.png,813.4915439809395,473.54387764939213,777.1334164245086,504.94407872085503,831.670607759155,519.8178581757586,798.6177645260359,536.344279792318,752.3437839996695,612.3658192284917,839.9338185674346,609.0605349051798,796.96512236438,670.2082948864498,1254.7470011430776,1018.9157909958548,1215.0835892633347,1008.999938025919,1218.3888735866467,1047.010707744006,1198.5571676467753,1027.1790018041345,1160.5463979286885,995.7788007326715,1167.1569665753123,1055.2739185522855,1115.9250595639778,1030.4842861274465
labeled-data/e3v813a-20210714T091732-092358/img01332.png,783.6802770312179,1032.6272201026181,756.6161689251417,1025.861193076099,740.8287725299306,1059.6913282086944,722.7860337925463,1028.116535418272,659.6364482117017,976.2436615482925,637.0830247899714,1043.9039318134833,614.5296013682412,978.4990038904655,1146.1830916833355,1038.203244292778,1193.9841246163803,1034.409511520314,1173.4979676450753,1004.8183958950958,1199.2953504978298,1009.3708752220525,1245.578890321889,983.573492369298,1200.0540970523225,959.2936026255293,1235.715185113483,930.4612335548038
labeled-data/e3v813a-20210714T091732-092358/img01333.png,790.446304057737,1039.393247129137,763.3821959516608,1012.3291390230609,752.1054842407957,1057.4359858665212,727.2967184768925,1019.0951660495798,668.6578175803938,971.7329768639464,637.0830247899714,1039.393247129137,616.7849437104144,978.4990038904655,1149.0457364632477,1034.8825624447911,1196.4079256488812,1032.6272201026181,1162.5777905162859,1003.3077696543687,1200.9186103332272,1001.0524273121957,1243.7701148345147,976.2436615482925,1205.4292950175734,944.6688687578701,1237.0040878079956,924.370787678313
labeled-data/e3v813a-20210714T091732-092358/img01334.png,795.3240434619149,1034.2483574825437,768.6022801496107,1021.4683837244852,765.1168327610493,1069.102831368158,746.527780022055,1038.8956206672924,674.4952006584524,979.6430150617482,641.9643583652125,1045.8665154444152,622.2134898300311,985.4520940426839,1141.5451507256823,1037.7338048711051,1190.3414141655423,1038.8956206672924,1170.590545630361,1012.1738573549881,1194.9886773502908,1014.4974889473624,1242.6231249939635,988.9375414312453,1194.9886773502908,956.4066991380055,1236.8140460130278,936.655830602824
labeled-data/e3v813a-20210714T091732-092358/img01335.png,801.7230157686022,1028.116535418272,767.8928806360068,1010.0737966808878,765.6375382938338,1059.6913282086944,743.0841148721036,1034.8825624447911,664.1471328960477,971.7329768639464,632.5723401056255,1041.64858947131,623.5509707369333,992.0310579435036,1133.2583400680367,1032.6272201026181,1185.1312139380161,1034.8825624447911,1158.06710583194,998.7970849700228,1189.641898622362,1003.3077696543687,1239.2594301501686,978.4990038904655,1194.1525833067083,953.6902381265622,1230.2380607814766,940.1581840735241
labeled-data/e3v813a-20210714T091732-092358/img01336.png,811.5508272696052,1038.2766415122114,786.2658338398248,1024.369895125832,777.4160861394016,1066.09013428497,767.3020887674894,1044.5978898696567,677.5403620917689,991.4994036671177,654.7838680049665,1064.8258846134809,628.2346249036971,995.2921526815848,1130.1417444848385,1044.5978898696567,1180.7117313443994,1043.3336401981676,1157.955237257597,1012.9916480824311,1183.2402306873773,1016.7843970968981,1233.8102175469382,995.2921526815848,1192.0899783878006,949.77916450798,1236.3387168899162,951.043414179469
labeled-data/e3v813a-20210714T091732-092358/img01337.png,817.8720756270502,1043.3336401981676,790.0585828542918,1025.6341447973214,782.4730848253577,1069.882883299437,769.8305881104675,1040.8051408551896,685.125860120703,986.4424049811616,648.4626196475214,1053.4476375700797,634.5558732611421,1002.8776507105189,1123.8204961273934,1039.5408911837005,1174.3904829869543,1047.1263892126346,1155.426737914619,1009.198899067964,1176.9189823299323,1021.8413957828542,1236.3387168899162,996.5564023530737,1189.5614790448226,958.6289122084031,1230.0174685324712,945.9864154935129
labeled-data/e3v813a-20210714T091732-092358/img01338.png,827.9860729989624,1044.5978898696567,791.3228325257808,1029.4268938117884,790.0585828542919,1067.3543839564588,769.8305881104675,1040.8051408551896,681.333111106236,995.2921526815848,645.9341203045433,1057.2403865845467,640.8771216185872,999.0849016960518,1121.2919967844155,1044.5978898696567,1174.3904829869543,1049.6548885556126,1154.16248824313,1018.0486467683871,1176.9189823299323,1023.1056454543432,1235.0744672184273,995.2921526815848,1189.5614790448226,959.8931618798922,1236.3387168899162,949.77916450798
labeled-data/e3v813a-20210714T091732-092358/img01339.png,834.3073213564076,1038.2766415122114,800.172580226204,1023.1056454543432,792.5870821972699,1069.882883299437,781.2088351538687,1043.3336401981676,686.390109792192,986.4424049811616,659.8408666909226,1058.5046362560358,643.4056209615653,1000.3491513675408,1122.5562464559043,1040.8051408551896,1165.5407352865311,1048.3906388841237,1150.3697392286629,1016.7843970968981,1171.8619836439761,1020.5771461113652,1232.5459678754492,995.2921526815848,1194.6184777307785,963.6859108943593,1238.8672162328944,949.77916450798
labeled-data/e3v813a-20210714T091732-092358/img01340.png,838.1000703708746,1038.2766415122114,801.436829897693,1021.8413957828542,795.1155815402478,1073.675632313904,783.7373344968466,1038.2766415122114,690.182858806659,1000.3491513675408,668.6906143913457,1053.4476375700797,653.5196183334774,995.2921526815848,1114.9707484269702,1038.2766415122114,1165.5407352865311,1048.3906388841237,1147.841239885685,1012.9916480824311,1170.5977339724873,1014.2558977539201,1228.753218860982,1000.3491513675408,1197.1469770737567,961.1574115513812,1233.8102175469382,951.043414179469
labeled-data/e3v813a-20210714T091732-092358/img01341.png,845.6855683998087,1035.7481421692335,802.701079569182,1018.0486467683871,802.701079569182,1061.0331355990138,778.6803358108906,1038.2766415122114,692.7113581496371,985.1781553096725,669.9548640628348,1053.4476375700797,657.3123673479445,1005.406150053497,1113.7064987554813,1034.4838924977444,1159.219486929086,1044.5978898696567,1147.841239885685,1009.198899067964,1168.069234629509,1016.7843970968981,1223.6962201750262,1005.406150053497,1192.0899783878006,963.6859108943593,1236.3387168899162,952.3076638509581
labeled-data/e3v813a-20210714T091732-092358/img01342.png,852.0068167572538,1035.7481421692335,811.5508272696052,1016.7843970968981,809.0223279266271,1064.8258846134809,788.7943331828028,1040.8051408551896,695.2398574926151,999.0849016960518,668.6906143913457,1061.0331355990138,659.8408666909226,1002.8776507105189,1109.9137497410143,1035.7481421692335,1156.690987586108,1047.1263892126346,1140.2557418567508,1007.9346493964749,1163.0122359435532,1014.2558977539201,1230.0174685324712,1002.8776507105189,1189.5614790448226,952.3076638509581,1232.5459678754492,959.8931618798922
labeled-data/e3v813a-20210714T091732-092358/img01343.png,846.9498180712977,1038.2766415122114,812.8150769410942,1014.2558977539201,809.0223279266271,1064.8258846134809,795.1155815402478,1038.2766415122114,710.4108535504834,995.2921526815848,681.333111106236,1061.0331355990138,662.3693660339006,1009.198899067964,1104.856751055058,1038.2766415122114,1147.841239885685,1049.6548885556126,1135.1987431707946,1007.9346493964749,1161.747986272064,1026.8983944688102,1227.4889691894932,1004.1419003820079,1194.6184777307785,970.0071592518043,1228.753218860982,958.6289122084031
labeled-data/e3v813a-20210714T091732-092358/img01344.png,862.120814129166,1030.6911434832773,817.8720756270502,1011.727398410942,820.4005749700283,1058.5046362560358,798.9083305547149,1034.4838924977444,728.1103489513298,986.4424049811616,687.654359463681,1062.297385270503,668.6906143913457,1012.9916480824311,1101.064002040591,1038.2766415122114,1140.2557418567508,1052.1833878985908,1137.7272425137726,1016.7843970968981,1157.955237257597,1025.6341447973214,1218.63922148907,1011.727398410942,1188.2972293733335,972.5356585947824,1237.6029665614053,963.6859108943593
labeled-data/e3v813a-20210714T091732-092358/img01345.png,864.6493134721441,1029.4268938117884,822.9290743130064,1016.7843970968981,822.9290743130064,1055.9761369130579,805.22957891216,1039.5408911837005,729.3745986228187,990.2351539956287,699.0326065070822,1071.1471329709261,669.9548640628348,1021.8413957828542,1097.271253026124,1043.3336401981676,1146.5769902141958,1055.9761369130579,1136.4629928422837,1020.5771461113652,1154.16248824313,1030.6911434832773,1226.2247195180041,1012.9916480824311,1189.5614790448226,977.5926572807384,1226.2247195180041,963.6859108943593
labeled-data/e3v813a-20210714T091732-092358/img01346.png,862.120814129166,1023.1056454543432,829.2503226704514,1012.9916480824311,829.2503226704514,1061.0331355990138,809.0223279266271,1031.9553931547664,729.3745986228187,987.7066546526506,716.7321019079286,1066.09013428497,671.2191137343237,1021.8413957828542,1096.007003354635,1044.5978898696567,1141.5199915282396,1057.2403865845467,1130.1417444848385,1016.7843970968981,1155.426737914619,1023.1056454543432,1223.6962201750262,1016.7843970968981,1185.7687300303555,972.5356585947824,1226.2247195180041,963.6859108943593
labeled-data/e3v813a-20210714T091732-092358/img01347.png,869.7063121581001,1021.8413957828542,835.5715710278965,1009.198899067964,831.7788220134295,1055.9761369130579,817.8720756270502,1038.2766415122114,736.9600966517528,986.4424049811616,729.3745986228187,1071.1471329709261,687.654359463681,1021.8413957828542,1094.742753683146,1044.5978898696567,1135.1987431707946,1055.9761369130579,1130.1417444848385,1023.1056454543432,1146.5769902141958,1034.4838924977444,1218.63922148907,1014.2558977539201,1183.2402306873773,978.8569069522275,1227.4889691894932,968.7429095803153
labeled-data/e3v813a-20210714T091732-092358/img01348.png,874.7633108440562,1026.8983944688102,839.3643200423636,1012.9916480824311,840.6285697138526,1057.2403865845467,816.6078259555612,1031.9553931547664,740.7528456662199,994.0279030100958,725.5818496083516,1078.7326309998602,685.125860120703,1034.4838924977444,1092.2142543401678,1035.7481421692335,1137.7272425137726,1057.2403865845467,1128.8774948133496,1021.8413957828542,1147.841239885685,1030.6911434832773,1218.63922148907,1014.2558977539201,1189.5614790448226,981.3854062952055,1228.753218860982,972.5356585947824
labeled-data/e3v813a-20210714T091732-092358/img01349.png,882.3488088729904,1030.6911434832773,854.5353161002319,1016.7843970968981,843.1570690568307,1058.5046362560358,831.7788220134295,1034.4838924977444,754.6595920525992,995.2921526815848,748.338343695154,1078.7326309998602,696.5041071641042,1031.9553931547664,1087.157255654212,1038.2766415122114,1136.4629928422837,1055.9761369130579,1123.8204961273934,1018.0486467683871,1147.841239885685,1025.6341447973214,1219.903471160559,1014.2558977539201,1184.5044803588664,982.6496559666946,1223.6962201750262,967.4786599088263
labeled-data/e3v813a-20210714T091732-092358/img01350.png,887.4058075589464,1034.4838924977444,858.3280651146989,1009.198899067964,853.2710664287429,1061.0331355990138,838.1000703708746,1038.2766415122114,752.131092709621,1004.1419003820079,745.809844352176,1074.9398819853932,702.8253555215492,1025.6341447973214,1088.4215053257008,1039.5408911837005,1128.8774948133496,1053.4476375700797,1126.3489954703714,1016.7843970968981,1145.3127405427067,1030.6911434832773,1214.846472474603,1020.5771461113652,1183.2402306873773,976.3284076092494,1228.753218860982,968.7429095803153
labeled-data/e3v813a-20210714T091732-092358/img01351.png,894.9913055878806,1035.7481421692335,865.913563143633,1016.7843970968981,867.177812815122,1057.2403865845467,848.2140677427867,1031.9553931547664,759.7165907385553,995.2921526815848,760.9808404100443,1078.7326309998602,706.6181045360163,1030.6911434832773,1088.4215053257008,1035.7481421692335,1130.1417444848385,1053.4476375700797,1122.5562464559043,1023.1056454543432,1141.5199915282396,1031.9553931547664,1207.2609744456688,1020.5771461113652,1179.4474816729103,982.6496559666946,1221.167720832048,973.7999082662714
labeled-data/e3v813a-20210714T091732-092358/img01352.png,902.5768036168147,1038.2766415122114,882.3488088729904,1023.1056454543432,876.0275605155452,1058.5046362560358,857.0638154432099,1038.2766415122114,776.1518364679125,1004.1419003820079,774.8875867964235,1073.675632313904,712.9393528934614,1023.1056454543432,1083.3645066397448,1038.2766415122114,1122.5562464559043,1053.4476375700797,1122.5562464559043,1020.5771461113652,1144.0484908712178,1031.9553931547664,1203.4682254312017,1029.4268938117884,1183.2402306873773,978.8569069522275,1219.903471160559,978.8569069522275
labeled-data/e3v813a-20210714T091732-092358/img01353.png,916.483550003194,1034.4838924977444,891.1985565734135,1023.1056454543432,884.8773082159684,1069.882883299437,867.177812815122,1044.5978898696567,782.4730848253577,1009.198899067964,782.4730848253577,1079.9968806713491,733.1673476372857,1031.9553931547664,1083.3645066397448,1034.4838924977444,1128.8774948133496,1052.1833878985908,1123.8204961273934,1016.7843970968981,1141.5199915282396,1030.6911434832773,1209.7894737886468,1020.5771461113652,1189.5614790448226,978.8569069522275,1224.960469846515,978.8569069522275
labeled-data/e3v813a-20210714T091732-092358/img01354.png,925.3332977036171,1035.7481421692335,897.5198049308586,1023.1056454543432,897.5198049308586,1064.8258846134809,881.0845592015013,1048.3906388841237,791.3228325257808,1005.406150053497,790.0585828542918,1076.204131656882,740.7528456662199,1030.6911434832773,1075.7790086108107,1030.6911434832773,1123.8204961273934,1055.9761369130579,1118.7634974414373,1016.7843970968981,1140.2557418567508,1029.4268938117884,1203.4682254312017,1023.1056454543432,1188.2972293733335,987.7066546526506,1227.4889691894932,977.5926572807384
labeled-data/e3v813a-20210714T091732-092358/img01355.png,935.4472950755293,1038.2766415122114,907.6338023027707,1030.6911434832773,906.3695526312817,1066.09013428497,879.8203095300123,1044.5978898696567,809.0223279266271,1000.3491513675408,787.5300835113137,1069.882883299437,752.131092709621,1023.1056454543432,1075.7790086108107,1039.5408911837005,1123.8204961273934,1047.1263892126346,1112.4422490839922,1016.7843970968981,1136.4629928422837,1025.6341447973214,1200.9397260882238,1023.1056454543432,1183.2402306873773,985.1781553096725,1219.903471160559,985.1781553096725
labeled-data/e3v813a-20210714T091732-092358/img01356.png,935.4472950755293,1030.6911434832773,911.4265513172378,1016.7843970968981,911.4265513172378,1057.2403865845467,887.4058075589464,1039.5408911837005,807.7580782551381,1009.198899067964,792.5870821972699,1069.882883299437,758.4523410670663,1021.8413957828542,1073.2505092678325,1038.2766415122114,1123.8204961273934,1052.1833878985908,1112.4422490839922,1016.7843970968981,1140.2557418567508,1025.6341447973214,1207.2609744456688,1026.8983944688102,1184.5044803588664,981.3854062952055,1219.903471160559,981.3854062952055
labeled-data/e3v813a-20210714T091732-092358/img01357.png,941.7685434329743,1026.8983944688102,917.7477996746829,1018.0486467683871,917.7477996746829,1066.09013428497,900.0483042738366,1035.7481421692335,821.6648246415173,1004.1419003820079,798.9083305547149,1071.1471329709261,766.0378390960004,1029.4268938117884,1066.9292609103875,1044.5978898696567,1114.9707484269702,1058.5046362560358,1106.1210007265472,1023.1056454543432,1126.3489954703714,1034.4838924977444,1193.3542280592897,1030.6911434832773,1174.3904829869543,982.6496559666946,1212.317973131625,987.7066546526506
labeled-data/e3v813a-20210714T091732-092358/img01358.png,951.8825408048865,1030.6911434832773,924.0690480321281,1009.198899067964,924.0690480321281,1055.9761369130579,906.3695526312817,1030.6911434832773,831.7788220134295,996.5564023530737,800.172580226204,1076.204131656882,767.3020887674894,1023.1056454543432,1060.6080125529425,1047.1263892126346,1118.7634974414373,1058.5046362560358,1101.064002040591,1026.8983944688102,1130.1417444848385,1034.4838924977444,1181.9759810158885,1035.7481421692335,1171.8619836439761,981.3854062952055,1217.374971817581,991.4994036671177
labeled-data/e3v813a-20210714T091732-092358/img01359.png,958.2037891623316,1029.4268938117884,935.4472950755293,1009.198899067964,935.4472950755293,1057.2403865845467,908.8980519742598,1030.6911434832773,821.6648246415173,996.5564023530737,811.5508272696052,1071.1471329709261,782.4730848253577,1025.6341447973214,1058.0795132099643,1049.6548885556126,1102.3282517120801,1061.0331355990138,1097.271253026124,1023.1056454543432,1113.7064987554813,1038.2766415122114,1176.9189823299323,1044.5978898696567,1165.5407352865311,985.1781553096725,1208.525224117158,999.0849016960518
labeled-data/e3v813a-20210714T091732-092358/img01360.png,968.3177865342439,1025.6341447973214,941.7685434329743,1002.8776507105189,941.7685434329743,1055.9761369130579,922.804798360639,1030.6911434832773,836.8358206993855,990.2351539956287,830.5145723419405,1067.354383956459,785.0015841683357,1031.9553931547664,1049.2297655095413,1047.1263892126346,1102.3282517120801,1066.09013428497,1088.4215053257008,1021.8413957828542,1108.6495000695252,1034.4838924977444,1171.8619836439761,1044.5978898696567,1163.0122359435532,995.2921526815848,1203.4682254312017,1002.8776507105189
labeled-data/e3v813a-20210714T091732-092358/img01361.png,972.1105355487109,1025.6341447973214,953.1467904763755,1016.7843970968981,946.8255421189305,1048.3906388841237,929.1260467180841,1034.4838924977444,848.2140677427867,1002.8776507105189,835.5715710278965,1073.675632313904,796.3798312117369,1030.6911434832773,1047.9655158380522,1049.6548885556126,1087.157255654212,1062.297385270503,1079.5717576252778,1026.8983944688102,1102.3282517120801,1035.7481421692335,1171.8619836439761,1043.3336401981676,1155.426737914619,987.7066546526506,1198.4112267452456,1007.9346493964749
labeled-data/e3v813a-20210714T091732-092358/img01362.png,982.224532920623,1029.4268938117884,958.2037891623316,1005.406150053497,953.1467904763755,1049.6548885556126,936.7115447470183,1029.4268938117884,857.0638154432099,995.2921526815848,864.6493134721441,1073.675632313904,802.701079569182,1023.1056454543432,1035.3230191231619,1048.3906388841237,1078.3075079537887,1066.09013428497,1077.0432582822996,1029.4268938117884,1096.007003354635,1044.5978898696567,1155.426737914619,1048.3906388841237,1145.3127405427067,996.5564023530737,1192.0899783878006,1005.406150053497
labeled-data/e3v813a-20210714T091732-092358/img01363.png,993.6027799640242,1030.6911434832773,964.5250375197767,1016.7843970968981,959.4680388338206,1057.2403865845467,941.7685434329743,1034.4838924977444,864.6493134721441,1002.8776507105189,852.0068167572538,1074.9398819853932,807.7580782551381,1030.6911434832773,1030.266020437206,1052.1833878985908,1077.0432582822996,1069.882883299437,1069.4577602533654,1030.6911434832773,1088.4215053257008,1040.8051408551896,1161.747986272064,1053.4476375700797,1146.5769902141958,1002.8776507105189,1189.5614790448226,1011.727398410942
labeled-data/e3v813a-20210714T091732-092358/img01364.png,998.6597786499804,1029.4268938117884,977.167534234667,1011.727398410942,964.5250375197767,1061.0331355990138,953.1467904763755,1034.4838924977444,876.0275605155452,985.1781553096725,863.385063800655,1076.204131656882,817.8720756270502,1023.1056454543432,1029.0017707657169,1052.1833878985908,1069.4577602533654,1067.354383956459,1068.1935105818766,1035.7481421692335,1088.4215053257008,1047.1263892126346,1152.8982385716408,1053.4476375700797,1138.9914921852617,999.0849016960518,1188.2972293733335,1012.9916480824311
labeled-data/e3v813a-20210714T091732-092358/img01365.png,1004.9810270074254,1029.4268938117884,975.903284563178,1011.727398410942,977.167534234667,1058.5046362560358,960.7322885053096,1039.5408911837005,873.4990611725672,1011.727398410942,878.5560598585233,1079.9968806713491,822.9290743130064,1029.4268938117884,1025.2090217512498,1052.1833878985908,1070.7220099248545,1066.09013428497,1059.3437628814534,1030.6911434832773,1087.157255654212,1044.5978898696567,1147.841239885685,1057.2403865845467,1130.1417444848385,1007.9346493964749,1181.9759810158885,1016.7843970968981
labeled-data/e3v813a-20210714T091732-092358/img01366.png,1012.5665250363595,1030.6911434832773,988.5457812780681,1018.0486467683871,978.4317839061559,1055.9761369130579,959.4680388338206,1034.4838924977444,882.3488088729904,1000.3491513675408,872.2348115010782,1069.882883299437,830.5145723419405,1035.7481421692335,1022.6805224082717,1053.4476375700797,1066.9292609103875,1071.1471329709261,1061.8722622244313,1038.2766415122114,1079.5717576252778,1052.1833878985908,1149.1054895571738,1052.1833878985908,1140.2557418567508,996.5564023530737,1183.2402306873773,1014.2558977539201
labeled-data/e3v813a-20210714T091732-092358/img01367.png,1015.0950243793376,1038.2766415122114,991.0742806210462,1025.6341447973214,986.0172819350901,1058.5046362560358,968.3177865342439,1038.2766415122114,888.6700572304354,1012.9916480824311,879.8203095300123,1073.675632313904,846.9498180712977,1030.6911434832773,1022.6805224082717,1057.2403865845467,1066.9292609103875,1066.09013428497,1065.6650112388984,1034.4838924977444,1085.8930059827228,1049.6548885556126,1149.1054895571738,1053.4476375700797,1132.6702438278166,1004.1419003820079,1181.9759810158885,1016.7843970968981
labeled-data/e3v813a-20210714T091732-092358/img01368.png,1023.9447720797607,1030.6911434832773,991.0742806210462,1014.2558977539201,996.1312793070023,1055.9761369130579,977.167534234667,1034.4838924977444,900.0483042738366,1002.8776507105189,887.4058075589464,1073.675632313904,840.6285697138526,1030.6911434832773,1029.0017707657169,1053.4476375700797,1070.7220099248545,1073.675632313904,1070.7220099248545,1043.3336401981676,1083.3645066397448,1052.1833878985908,1144.0484908712178,1055.9761369130579,1135.1987431707946,1000.3491513675408,1183.2402306873773,1012.9916480824311
labeled-data/e3v813a-20210714T091732-092358/img01369.png,1026.473271422739,1029.4268938117884,997.3955289784913,1012.9916480824311,998.6597786499804,1057.2403865845467,979.696033577645,1030.6911434832773,906.3695526312817,1004.1419003820079,891.1985565734135,1069.882883299437,858.3280651146989,1026.8983944688102,1035.3230191231619,1055.9761369130579,1077.0432582822996,1071.1471329709261,1078.3075079537887,1038.2766415122114,1096.007003354635,1044.5978898696567,1155.4267379146188,1059.768885927525,,,1192.0299404558177,1008.1147631924235
labeled-data/e3v813a-20210714T091732-092358/img01370.png,1029.7794595295218,1028.9967389262279,1004.0416005457753,1016.1278094343545,1004.0416005457753,1058.2443059532127,988.8328656917431,1036.0161550127043,904.5998726540269,1005.59868530464,896.4105538864711,1074.6229434883242,856.6338627297719,1021.9773228397515,1033.28916757276,1048.8850845045777,1087.1046909024121,1069.9433327640068,1080.085274815936,1030.1666416073072,1096.4639123510474,1041.8656684181012,1156.1289490860963,1050.054987185657,1142.0901169131434,996.2394638560049,1194.7357375617162,1009.1083933478782
labeled-data/e3v813a-20210714T091732-092358/img01371.png,1030.6649734252237,1020.1835124965208,1004.5685958779205,1007.756666045424,1005.8112805230302,1057.4640518498113,993.3844340719335,1035.095728237837,907.6391935593656,1007.756666045424,901.4257703338172,1069.890898300908,859.1744924000882,1022.6688817867403,1038.1210812958818,1051.2506286242628,1084.10041316494,1063.6774750753596,1080.372359229611,1031.367674302508,1100.2553135513658,1043.7945207536047,1163.6322304519595,1048.7652593340435,1144.991960775314,1000.300558174766,1193.4566619345917,1007.756666045424
labeled-data/e3v813a-20210714T091732-092358/img01372.png,1033.150342715443,1020.1835124965208,1012.0247037485786,1004.0286121100951,1013.2673883936883,1047.5225746889337,993.3844340719335,1026.3969357220692,908.8818782044754,999.0578735296563,900.1830856887076,1072.3762675911273,861.6598616903075,1020.1835124965208,1036.8783966507722,1046.279890043824,1087.8284671002689,1068.6482136557984,1085.3430978100496,1028.8823050122887,1102.740682841585,1043.7945207536047,1159.9041765166303,1046.279890043824,1151.2053840008625,1002.7859274649854,1193.4566619345917,1008.9993506905337
labeled-data/e3v813a-20210714T091732-092358/img01373.png,1036.8783966507722,1017.6981432063014,1014.5100730387979,1007.756666045424,1013.2673883936883,1046.279890043824,997.1124880072625,1030.1249896573981,926.2794632360108,1002.7859274649854,910.124562849585,1066.162844365579,862.9025463354172,1017.6981432063014,1040.6064505861013,1048.7652593340435,1085.3430978100496,1073.618952236237,1085.3430978100496,1035.095728237837,1102.740682841585,1051.2506286242628,1157.418807226411,1047.5225746889337,1144.991960775314,1000.300558174766,1197.1847158699206,1007.756666045424
labeled-data/e3v813a-20210714T091732-092358/img01374.png,1045.57718916654,1013.9700892709725,1018.238126974127,1004.0286121100951,1019.4808116192366,1043.7945207536047,998.3551726523722,1022.6688817867403,917.5806707202431,991.6017656589983,907.6391935593656,1066.162844365579,866.6306002707463,1021.4261971416306,1046.8198738116496,1046.279890043824,1087.8284671002689,1068.6482136557984,1079.1296745845011,1031.367674302508,1102.740682841585,1046.279890043824,1161.1468611617402,1040.0664668182758,1140.0212221948755,1005.2712967552047,1188.4859233541529,1016.4554585611918
labeled-data/e3v813a-20210714T091732-092358/img01375.png,1045.57718916654,1017.6981432063014,1019.4808116192366,995.3298195943273,1021.966180909456,1046.279890043824,1003.3259112328109,1021.4261971416306,932.4928864615592,996.572504239437,925.0367785909011,1066.162844365579,881.5428160120625,1023.9115664318499,1041.8491352312108,1052.4933132693725,1087.8284671002689,1063.6774750753596,1087.8284671002689,1030.1249896573981,1107.7114214220237,1038.823782173166,1151.2053840008625,1047.5225746889337,1152.4480686459724,990.3590810138886,1197.1847158699206,1011.4847199807532
labeled-data/e3v813a-20210714T091732-092358/img01376.png,1045.57718916654,1017.6981432063014,1021.966180909456,1002.7859274649854,1023.2088655545657,1038.823782173166,1003.3259112328109,1025.1542510769596,923.7940939457915,999.0578735296563,917.5806707202431,1064.9201597204692,879.057446721843,1030.1249896573981,1045.57718916654,1051.2506286242628,1089.0711517453788,1059.9494211400306,1090.3138363904884,1025.1542510769596,1108.9541060671336,1037.5810975280565,1162.3895458068496,1048.7652593340435,1146.234645420424,996.572504239437,1195.942031224811,1004.0286121100951
labeled-data/e3v813a-20210714T091732-092358/img01377.png,1045.57718916654,1021.4261971416306,1026.9369194898948,1007.756666045424,1026.9369194898948,1040.0664668182758,1005.8112805230302,1025.1542510769596,933.7355711066689,996.572504239437,923.7940939457915,1073.618952236237,865.3879156256367,1020.1835124965208,1045.57718916654,1047.5225746889337,1091.556521035598,1061.1921057851403,1091.556521035598,1026.3969357220692,1107.7114214220237,1040.0664668182758,1159.9041765166303,1052.4933132693725,1149.9626993557529,996.572504239437,1197.1847158699206,1005.2712967552047
labeled-data/e3v813a-20210714T091732-092358/img01378.png,1039.3637659409915,1017.6981432063014,1021.966180909456,1004.0286121100951,1020.7234962643464,1046.279890043824,1003.3259112328109,1025.1542510769596,918.8233553653528,999.0578735296563,916.3379860751334,1064.9201597204692,876.5720774316237,1026.3969357220692,1044.3345045214303,1047.5225746889337,1085.3430978100496,1066.162844365579,1087.8284671002689,1031.367674302508,1105.2260521318044,1042.551836108495,1153.6907532910818,1046.279890043824,1151.2053840008625,1002.7859274649854,1189.7286079992627,1011.4847199807532
labeled-data/e3v813a-20210714T091732-092358/img01379.png,1038.1210812958818,1021.4261971416306,1023.2088655545657,1002.7859274649854,1015.7527576839077,1038.823782173166,1004.5685958779205,1025.1542510769596,934.9782557517785,996.572504239437,907.6391935593656,1069.890898300908,867.873284915856,1021.4261971416306,1045.57718916654,1043.7945207536047,1090.3138363904884,1066.162844365579,1091.556521035598,1030.1249896573981,1108.9541060671336,1043.7945207536047,1154.9334379361917,1052.4933132693725,1143.7492761302046,1004.0286121100951,1192.213977289482,1013.9700892709725
labeled-data/e3v813a-20210714T091732-092358/img01380.png,1038.1210812958818,1025.1542510769596,1015.7527576839077,1004.0286121100951,1015.7527576839077,1048.7652593340435,1002.0832265877012,1030.1249896573981,926.2794632360108,995.3298195943273,907.6391935593656,1059.9494211400306,871.601338851185,1026.3969357220692,1041.8491352312108,1043.7945207536047,1082.8577285198303,1061.1921057851403,1085.3430978100496,1028.8823050122887,1107.7114214220237,1046.279890043824,1167.3602843872884,1051.2506286242628,1151.2053840008625,1002.7859274649854,1192.213977289482,1011.4847199807532
labeled-data/e3v813a-20210714T091732-092358/img01381.png,1033.150342715443,1025.1542510769596,1015.7527576839077,999.0578735296563,1013.2673883936883,1042.551836108495,998.3551726523722,1022.6688817867403,915.0953014300237,995.3298195943273,910.124562849585,1061.1921057851403,871.601338851185,1025.1542510769596,1041.8491352312108,1040.0664668182758,1080.372359229611,1064.9201597204692,1091.556521035598,1028.8823050122887,1107.7114214220237,1047.5225746889337,1152.4480686459724,1048.7652593340435,1146.234645420424,1007.756666045424,1194.6993465797013,1011.4847199807532
